<?xml version="1.0" encoding="UTF-8" ?>
<!DOCTYPE mapper
  PUBLIC "-//mybatis.org//DTD Mapper 3.0//EN"
  "http://mybatis.org/dtd/mybatis-3-mapper.dtd">

<mapper namespace="com.dev.cloud.dao.boardMapper">
	<select id="getBoardCount" parameterType="map" resultType="int">
		SELECT count(*)
		FROM BOARD
		<if test="searchItem != null">
			WHERE ${searchItem} LIKE '%'|| #{searchWord} || '%'
		</if>
	</select>

	<select id="selectAll" resultType="Board" parameterType="map">
		SELECT
		boardNum,
		MEMBERid,
		TITLE,
		CONTENT,
		QTYPE,
		qCategory,
		originalFilename,
		saveFilename,
		to_char(boardDate, 'YYYY-MM-DD') as boardDate
		FROM BOARD
		<if test="searchItem != null or searchItem != ''">
			<if test="searchItem.equalsIgnoreCase('All')">
				WHERE MEMBERid LIKE '%'||#{searchWord}||'%'
				OR TITLE LIKE '%'||#{searchWord}||'%'
				OR CONTENT LIKE '%'||#{searchWord}||'%'
			</if>
			<if test="!searchItem.equalsIgnoreCase('All')">
				WHERE ${searchItem} LIKE '%'||#{searchWord}||'%'
			</if>
		</if>
		ORDER BY boardNum DESC
	</select>

	<select id="selectOne" parameterType="Board" resultType="Board">
		Select *
		From BOARD
		where boardnum = #{boardNum}
	</select>



	<update id="updateBoard" parameterType="Board">
		update BOARD set
		TITLE = #{title},
		CONTENT = #{content},
		QTYPE = #{qType},
		qCategory = #{qCategory}
		<if test="originalFilename!= null">
			originalFilename = #{originalFilename},
			saveFilename = #{saveFilename},
		</if>
		where boardnum = #{boardNum}
	</update>
	
	

	<delete id="deleteBoard" parameterType="int">
		Delete From BOARD
		where
		boardnum = #{boardNum}
	</delete>

	<insert id="insertBoard" parameterType="Board">
		INSERT INTO BOARD
		(
		boardNum,
		MEMBERID,
		TITLE,
		CONTENT,
		QTYPE,
		QCATEGORY,
		<if test="originalFilename!= null">
			originalFilename,
			saveFilename,
		</if>
		boardDate
		)
		VALUES
		(
		BOARD_SEQ.nextval
		, #{id}
		, #{title}
		, #{content}
		, #{qType}
		, #{qCategory}
		<if test="originalFilename!= null">
			, #{originalFilename}
			, #{saveFilename}
		</if>
		,sysdate
		)
	</insert>
</mapper>


