<?xml version="1.0" encoding="UTF-8" ?>
<!DOCTYPE mapper
  PUBLIC "-//mybatis.org//DTD Mapper 3.0//EN"
  "http://mybatis.org/dtd/mybatis-3-mapper.dtd">

<mapper namespace="com.dev.cloud.dao.itemMapper">
	<insert parameterType="Total" id="insertItem">
insert into ITEM (
			itemNum
			,memberId
			,itemType
			,ideaDate
			,itemName
			,price
			,itemContent 
<if test="itemImagename != null">
			,itemImagename
			,saveItemImage 
</if>
			)VALUES (
			item_seq.NEXTVAL
			,#{memberId}
			,#{itemType}
			,#{ideaDate}
			,#{itemName}
			,#{price}
			,#{itemContent} 
<if test="itemImagename != null">
			,#{itemImagename}
			,#{saveItemImage}
</if>
) 
</insert>

<select parameterType="Total" id="getItemNumByItemType" resultType="Total">
select
		*
from 
	ITEM
where 
	itemType = #{itemType} 
</select>

<select id="goItemDetail" parameterType="Total" resultType="Total">
select 
	*
from
	ITEM
where 		
	memberId = #{memberId} and itemNum = #{itemNum}

</select>

<select id="getAllItem" resultType="Total">
select
		*
from 
	ITEM 
</select>

<select id="getIdDe" parameterType="Total" resultType="Total">
select
		*
from 
	ITEM 
where 
	memberId= #{memberId}	
</select>


<select parameterType="Total" id="getItemByMemberId" resultType="Total">
select
		*
from 
		ITEM
where 
		memberId=#{memberId} 
</select>

<select id="gohisD" parameterType="Total" resultType="Total">
select 
	*
from 
	ITEM
where 
		memberId=#{memberId} 
</select>

<update parameterType="Total" id="updateItem">
UPDATE 
		Item
	SET
		itemName = #{itemName}
		,price = #{price}
		,itemContent=#{itemContent}
		,itemType = #{itemType} 
<if test="itemImagename != null">
		,itemImagename=#{itemImagename}
		,saveItemImage=#{saveItemImage} 
</if>

where
		itemNum=#{itemNum} and memberId=#{memberId} 
</update>

<update parameterType="Total" id="deleteItem">
UPDATE
	 	Item
SET
		itemType = 'none'
where
	itemNum = #{itemNum} and memberId = #{memberId}
</update>

<select id="selectItemNum" parameterType="int" resultType="Item" >
select 
		*
from
	item
where 
	itemNum = #{itemNum}

</select>

<update id="updateItemDo" parameterType="ItemDo">
UPDATE
	 	Item
SET
	  documentFilename = #{documentFilename} ,
      saveDocumentFilename  = #{saveDocumentFilename}
where
	itemNum = #{itemNum} and memberId = #{memberId}
</update>

<update id="pdpUpdate" parameterType="PdpVo">
UPDATE
	 	Item
SET
	  documentFilename = #{documentFilename} ,
      saveDocumentFilename  = #{saveDocumentFilename}
where
	itemNum = #{itemNum}
</update>

	
</mapper>


