<?xml version="1.0" encoding="UTF-8" ?>
<!DOCTYPE mapper
  PUBLIC "-//mybatis.org//DTD Mapper 3.0//EN"
  "http://mybatis.org/dtd/mybatis-3-mapper.dtd">

<mapper namespace="com.dev.cloud.cloudfundingMapper">
	
	<insert id="makeCrowdFunding" parameterType="Crowdfunding">
		insert into Crowdfunding (
		crowdfundingNum
		,itemNum
		,itemGoalPrice
		,itemCurrecyPrice
		,fundingDueDate
		,fundingStartDate
		)
		VALUES (
		crowdfunding_seq.NEXTVAL
		,#{itemNum}
		,#{itemGoalPrice}
		,#{itemCurrecyPrice}
		,#{fundingDueDate}
		,#{fundingStartDate}
		)
	</insert>
	
	<update id="updateCrowdFunding" parameterType="Crowdfunding">
	UPDATE Crowdfunding 
	SET 
	itemCurrecyPrice = itemCurrecyPrice+#{itemCurrecyPrice}
	where 
	crowdfundingNum=#{crowdfundingNum} 
	
	</update>
	
	<select id="selectOneCrowdFunding" parameterType="Crowdfunding" resultType="Crowdfunding">
		select *
		from Crowdfunding
		where crowdfundingNum=#{crowdfundingNum}
	</select>
	
	<select id="selectAllCrowdFunding" resultType="Crowdfunding">
		select *
		from Crowdfunding
	</select>
	
	<insert id="insertFundingTable" parameterType="FundingTable" >
		insert into FundingTable (
		fundingReplyNum
		,crowdfundingNum
		,memberId
		,investment
		,fundingReply
		,fundingReplydate
		)
		VALUES (
		FundingTable_seq.NEXTVAL
		,#{crowdfundingNum}
		,#{memberId}
		,#{investment}
		,#{fundingReply}
		,#{fundingReplydate}
		)
	</insert>
	
	<update id="updateFundingTable" parameterType="FundingTable">
	UPDATE FundingTable 
	SET 
	investment = investment+#{investment}
	where 
	fundingReplyNum=#{fundingReplyNum} 
	</update>
	
	<select id="selectFundingTableByMemberId" parameterType="FundingTable" resultType="FundingTable">
	select * 
	from FundingTable
	where memberId=#{memberId}
	</select>
	
</mapper>
	