<?xml version="1.0" encoding="UTF-8" ?>
<!DOCTYPE mapper
  PUBLIC "-//mybatis.org//DTD Mapper 3.0//EN"
  "http://mybatis.org/dtd/mybatis-3-mapper.dtd">

<mapper namespace="com.dev.cloud.dao.documentMapper">

	<insert id="insertDocument" parameterType="Document">
	insert into Document (
		DocumentNum
		,PatentsubNum
		,itemNum
		<choose>
		<when test="documentFilename!=''">
		,documentFilename
		,saveDocumentFilename
		</when>
		<when test="documentFilename!='null'">
		,documentFilename
		,saveDocumentFilename
		</when>
		<otherwise>
		
		</otherwise>
		</choose>
		
		)VALUES (
		Document_seq.NEXTVAL
		,#{PatentsubNum}
		,#{itemNum}
		<choose>
		<when test="documentFilename!=''">
		,#{documentFilename}
		,#{saveDocumentFilename}
		</when>
		<when test="documentFilename!='null'">
		,#{documentFilename}
		,#{saveDocumentFilename}
		</when>
		<otherwise>
		
		</otherwise>
		</choose>
		
		)
	
	</insert>

	<update id="updateDocument" parameterType="Document">
		UPDATE Document
		SET
		documentFilename = #{documentFilename}
		,saveDocumentFilename = #{saveDocumentFilename}
		where
		DocumentNum=#{DocumentNum}
	
	
	</update>

</mapper>
	