<?xml version="1.0" encoding="UTF-8" ?>
<!DOCTYPE mapper
  PUBLIC "-//mybatis.org//DTD Mapper 3.0//EN"
  "http://mybatis.org/dtd/mybatis-3-mapper.dtd">

<mapper namespace="com.dev.cloud.dao.itemMapper">
	<insert id="insertItem" parameterType="Item">
		insert into ITEM (
		itemNum
		,memberId
		,itemType
		,ideaDate
		,itemName
		,price
		,itemContent
		<if test="itemImagename != ''">
			,itemImagename
			,saveItemImage
		</if>
		<if test="documentFilename != ''">
			,documentFilename
			,saveDocumentFilename
		</if>
		)VALUES (
		item_seq.NEXTVAL
		,#{memberId}
		,#{itemType}
		,#{ideaDate}
		,#{itemName}
		,#{price}
		,#{itemContent}
		<if test="itemImagename != ''">
			,#{itemImagename}
			,#{saveItemImage}
		</if>
		<if test="documentFilename != ''">
			,#{documentFilename}
			,#{saveDocumentFilename}
		</if>
		)
	</insert>
	<select id="getItemNumByItemType" parameterType="Item"
		resultType="Item">
		select
		*
		from ITEM

		where itemType=#{itemType}


	</select>

	<select id="getAllItem" resultType="Item">
		select
		*
		from ITEM

	</select>
	<select id="getItemByMemberId" parameterType="Total"
		resultType="Total">
		select
		*
		from ITEM

		where memberId=#{memberId}
	</select>

	<update id="updateItem" parameterType="Item">

		UPDATE Item
		SET
		itemName = #{itemName}
		,price = #{price}
		,itemContent=#{itemContent}
		,itemType = #{itemType}
		<if test="itemImagename != ''">
			,itemImagename=#{itemImagename}
			,saveItemImage=,#{saveItemImage}
		</if>
		<if test="documentFilename != ''">
			,documentFilename=,#{documentFilename}
			,saveDocumentFilename=,#{saveDocumentFilename}
		</if>
		where
		itemNum=#{itemNum}
	</update>

	<update id="deleteItem" parameterType="Item">

		UPDATE Item
		SET
		itemName = 'none'
		where
		itemNum=#{itemNum}

	</update>

	<select id="getOneItemByItemNum" parameterType="Item" resultType="Item">
		select * from Item where itemNum=#{itemNum}
	</select>
	
	
</mapper>

	
	
	
	