<?xml version="1.0" encoding="UTF-8" ?>
<!DOCTYPE mapper
  PUBLIC "-//mybatis.org//DTD Mapper 3.0//EN"
  "http://mybatis.org/dtd/mybatis-3-mapper.dtd">

<mapper namespace="com.dev.cloud.dao.memberMapper">
	<!-- 회원가입 -->
	<insert id="signup_member" parameterType="devMember">
		insert into devMember (
		memberId
		,memberPw
		,memberType
		,email
		,memberName
		,phoneNum
		)
		VALUES (
		#{memberId}
		,#{memberPw}
		,#{memberType}
		,#{email}
		,#{memberName}
		,#{phoneNum}
		)

	</insert>

	<!-- 로그인 -->
	<select id="login_member" parameterType="devMember" resultType="devMember">
		select
		*
		from devMember
		where memberId=#{memberId}
		and memberPw=#{memberPw}

	</select>


	<!-- 아이디/비번찾기 -->
	<select id="searchId_pw_member" parameterType="devMember"
		resultType="devMember">
		select
		memberId
		from devMember
		where memberName=#{memberName}
		and email=#{email}
		<if test="memberId != ''">
			and memberId=#{memberId}
		</if>
	</select>

	<!-- 회원수정 -->
	<update id="update_member" parameterType="devMember">
		UPDATE devMember
		SET
		memberPw = #{memberPw}
		,email = #{email}
		,phoneNum=#{phoneNum}
		where
		memberId=#{memberId}
	</update>

	<!-- 회원탈퇴 -->
	<!-- 회원탈퇴시 타입을 none으로 변경하고 자바에서 none의 회원은 로그인이 안되도록 잡아준다. -->
	<update id="delete_member" parameterType="devMember">
		UPDATE devMember
		SET
		memberType = 'none'
		where
		memberId=#{memberId}
		and memberPw=#{memberPw}
	</update>
	<!-- 중복확인 -->


	<select parameterType="String" id="overlap" resultType="devMember">
		select memberId ,memberPw
		from devMember
		where memberId=#{memberId}
	</select>


</mapper>

