<?xml version="1.0" encoding="UTF-8" ?>
<!DOCTYPE mapper
  PUBLIC "-//mybatis.org//DTD Mapper 3.0//EN"
  "http://mybatis.org/dtd/mybatis-3-mapper.dtd">

<mapper namespace="com.dev.cloud.dao.documentMapper">
	
<insert parameterType="ItemDo" id="insertDocument">
insert into 
		Document (
					documentNum
					,patentsubNum 
					,itemNum
<if test="documentFilename!=null">
					,documentFilename
					,saveDocumentFilename 
</if>
					)VALUES (
					Document_seq.NEXTVAL
					,#{patentsubNum}
					,#{itemNum} 
<if test="documentFilename!=null">
					,#{documentFilename}
					,#{saveDocumentFilename}
</if>
) 
</insert>

<update parameterType="ItemDo" id="updateDocument">
UPDATE Document
	SET
	documentFilename = #{documentFilename}
	,saveDocumentFilename = #{saveDocumentFilename}
where
	DocumentNum=#{DocumentNum} 
</update>

<update id="updateDocu" parameterType="PdpVo" >
UPDATE Document
	SET
	documentFilename = #{documentFilename}
	,saveDocumentFilename = #{saveDocumentFilename}
where
	DocumentNum=#{DocumentNum} 

</update>

<select id="selectDocu" parameterType="int" resultType="Document" >
select 
	*
from
	Document
where 
	DocumentNum=#{DocumentNum} 		
</select>


</mapper>


