<?xml version="1.0" encoding="UTF-8" ?>
<!DOCTYPE mapper
  PUBLIC "-//mybatis.org//DTD Mapper 3.0//EN"
  "http://mybatis.org/dtd/mybatis-3-mapper.dtd">

<mapper namespace="com.dev.cloud.dao.fundingMapper">

		<select id="getBoardCount" parameterType="map" resultType="int">
		SELECT count(*)
		FROM Crowdfunding
		<if test="searchItem != null or searchItem != ''">
			<if test="searchItem.equalsIgnoreCase('All')">
				WHERE memberId LIKE '%'||#{searchWord}||'%'
				OR fundingTitle LIKE '%'||#{searchWord}||'%'
				OR fundingContents LIKE '%'||#{searchWord}||'%'
			</if>
			<if test="!searchItem.equalsIgnoreCase('All')">
				WHERE ${searchItem}  LIKE '%'||#{searchWord}||'%'
			</if>
		</if> 
	</select>

	<select id="selectAll" resultType="Crowdfunding" parameterType="map">
		SELECT
		crowdfundingNum,
		itemGoalPrice,
		itemCurrecyPrice,
		to_char(fundingDueDate, 'YYYY-MM-DD') as fundingDueDate,
		to_char(fundingStartDate, 'YYYY-MM-DD') as fundingStartDate,
		memberId,
		fundingTitle,
		fundingContents,
		originalFileName,
		savedFileName
		FROM Crowdfunding
		<if test="searchItem != null or searchItem != ''">
			<if test="searchItem.equalsIgnoreCase('All')">
				WHERE MEMBERid LIKE '%'||#{searchWord}||'%'
				OR fundingTitle LIKE '%'||#{searchWord}||'%'
				OR fundingContents LIKE '%'||#{searchWord}||'%'
			</if>
			<if test="!searchItem.equalsIgnoreCase('All')">
				WHERE ${searchItem} LIKE '%'||#{searchWord}||'%'
			</if>
		</if>
		ORDER BY crowdfundingNum DESC
	</select>

		<insert id="makeCrowdFunding" parameterType="Crowdfunding">
		insert into Crowdfunding (
		crowdfundingNum
		,itemGoalPrice
		,itemCurrecyPrice
		,fundingDueDate
		,fundingStartDate
		,memberId
		,fundingTitle
		,fundingContents
		,originalFileName
		,savedFileName
		)
		VALUES (
		crowdfunding_seq.NEXTVAL
		,#{itemGoalPrice}
		,#{itemCurrecyPrice}
		,to_date(#{fundingDueDate},'YYYY-MM-DD')
		,sysdate
		,#{memberId}
		,#{fundingTitle}
		,#{fundingContents}
		,#{originalFileName}
		,#{savedFileName}
		)
	</insert>
	 
	<select id="mypageFunding" parameterType="String" resultType="Crowdfunding">
	select 
		crowdfundingNum
		,itemGoalPrice
		,itemCurrecyPrice
		,to_char(fundingDueDate,'YYYY-MM-DD') as fundingDueDate
		,to_char(fundingStartDate, 'YYYY-MM-DD') as fundingStartDate
		,memberId
		,fundingTitle
		,fundingContents
	from
		Crowdfunding
	where
		memberId = #{memberId}
	</select>
	
	<update id="updateCurrentPrice" parameterType="Crowdfunding">
	update 
		Crowdfunding
	set
		itemCurrecyPrice = #{itemCurrecyPrice}
	where 
		crowdfundingnum = #{crowdfundingNum}		
	
	</update>
	
	<select id="selectOneCrowdFunding" parameterType="int" resultType="Crowdfunding">
		select 
		crowdfundingNum
		,itemGoalPrice
		,itemCurrecyPrice
		,to_char(fundingDueDate,'YYYY-MM-DD') as fundingDueDate
		,to_char(fundingStartDate, 'YYYY-MM-DD') as fundingStartDate
		,memberId
		,fundingTitle
		,fundingContents
		,originalFileName
		,savedFileName
		from Crowdfunding
		where crowdfundingNum = #{crowdfundingNum}
	</select>
	
	<select id="selectfundingTitle" parameterType="String" resultType="Crowdfunding" >
	select 
			*
	from 
			Crowdfunding
	where 
			fundingTitle =#{fundingTitle}		
	</select>

</mapper>
	