<?xml version="1.0" encoding="UTF-8" ?>
<!DOCTYPE mapper
  PUBLIC "-//mybatis.org//DTD Mapper 3.0//EN"
  "http://mybatis.org/dtd/mybatis-3-mapper.dtd">

<mapper namespace="com.dev.cloud.dao.patentMapper">
	


	
<!-- Patent 추가 -->	
<insert parameterType="PatentTotal" id="insertPatent">
insert into 
		Patent (
				 patentNum 
				,patentHolderName
				,patentAppDate
				) 
				VALUES (
				 #{patentNum}
				,#{patentHolderName}
				,SYSDATE
				) 
</insert>

<select id="selectPatent" resultType="Patent" parameterType="Patent">
select 
		*
from 		
	Patent
where
	patentNum = #{patentNum}	
</select>


<!-- Patent 수정 -->
<update parameterType="Patent" id="updatePatent">
UPDATE 
		Patent
SET
		patentRegDate = #{patentRegDate}
where
		patentNum=#{patentNum} 
</update>

<select id="patsearchNum" parameterType="String" resultType="Patent">
select 
	*
from 
	patent
where 
	patentNum = #{patentNum}		
</select>


<!-- Patent 전체리스트 -->
<select id="patentAll" resultType="Patent">
select
		 patentNum
		,patentName
		,patentHolderName
		,patentContent
		,to_char(patentAppDate,'YYYY-MM-DD') as patentAppDate
		,to_char(patentRegDate,'YYYY-MM-DD') as patentRegDate
		,patentType
from
		patent
</select>


<!-- Patent myList보기 -->
<select parameterType="String" id="patentIdAll" resultType="Patent">
select
		patentNum
		,patentName
		,patentHolderName
		,patentContent
		,to_char(patentAppDate,'YYYY-MM-DD') as patentAppDate
		,to_char(patentRegDate,'YYYY-MM-DD') as patentRegDate
		,patentType
from
		patent
where
		patentHolderName = #{patentHolderName} 
</select>

<select parameterType="String" id="pdpIdAll" resultType="PdpVo">
select
		patentNum
		,patentName
		,patentHolderName
		,patentContent
		,to_char(patentAppDate,'YYYY-MM-DD') as patentAppDate
		,to_char(patentRegDate,'YYYY-MM-DD') as patentRegDate
		,patentType
from
		patent
where
		patentHolderName = #{patentHolderName} 
</select>

<select id="pdpIdGo" parameterType="String" resultType="PdpVo">
select   DISTINCT d.itemNum
				,i.memberId as memberGo
				,ps.memberId
				,t.itemNum
				,p.patentHolderName
				,t.contract
				,to_char(t.contractDate,'YYYY-MM-DD') as contractDate
 				,t.Pti_seq
				,p.patenttype
				,p.patentName
				,p.patentNum
				,i.memberId
				,d.DocumentNum
				,d.documentFilename
				,d.saveDocumentFilename
from document d inner join item i on d.itemNum=i.itemNum inner join PTI t on
i.itemNum=t.itemNum
inner join patent p on t.patentNum= p.patentNum inner join patentsub ps on ps.patentNum= p.patentNum  
inner join document d on d.patentsubNum=ps.patentsubNum
where p.patentHolderName = #{patentHolderName} and t.contract='wait' 
</select>
	


<!-- Patent 특허검색 -->
<select parameterType="Pat" id="searchPatent" resultType="Patent">
select 
		 patentNum
		,patentName
		,patentHolderName
		,patentContent
		,to_char(patentAppDate,'YYYY-MM-DD') as patentAppDate
		,to_char(patentRegDate,'YYYY-MM-DD') as patentRegDate
		,patentType
from 
		Patent 
<choose>


<when test="patentType=='patentType1'">
where patentType='영상 및 음향기기 제조업' 

<choose>

<when test="searchItem=='patentName'"> 
	and patentName LIKE '%'||#{searchWord}||'%' 
</when>

<when test="searchItem=='patentHolderName'">
	and patentHolderName LIKE'%'||#{searchWord}||'%'
</when>

<when test="searchItem=='patentContent'">
	and patentContent LIKE '%'||#{searchWord}||'%' 
</when>

<otherwise/>

</choose>

</when>

<when test="patentType=='patentType2'">
where patenttype='컴퓨터 프로그래밍 및 정보서비스업' 

<choose>

<when test="searchItem=='patentName'"> 
	and patentName LIKE '%'||#{searchWord}||'%' 
</when>

<when test="searchItem=='patentHolderName'">
	and patentHolderName LIKE'%'||#{searchWord}||'%'
</when>

<when test="searchItem=='patentContent'">
	and patentContent LIKE '%'||#{searchWord}||'%' 
</when>

<otherwise/>

</choose>

</when>


<when test="patentType=='patentType3'">
where patenttype='통신 및 방송 장비 제조업' 
				     	
<choose>

<when test="searchItem=='patentName'"> 
	and patentName LIKE '%'||#{searchWord}||'%' 
</when>

<when test="searchItem=='patentHolderName'">
	and patentHolderName LIKE'%'||#{searchWord}||'%' 
</when>

<when test="searchItem=='patentContent'">
	and patentContent LIKE '%'||#{searchWord}||'%' 
</when>

<otherwise/>

</choose>

</when>


<otherwise>


<choose>

<when test="searchItem=='patentName'">
	where patentName LIKE '%'||#{searchWord}||'%' 
</when>

<when test="searchItem=='patentHolderName'">
	where patentHolderName LIKE'%'||#{searchWord}||'%' 
</when>

<when test="searchItem=='patentContent'">
	where patentContent LIKE '%'||#{searchWord}||'%' 
</when>

<otherwise/>

</choose>

</otherwise>

</choose>


</select>
	
</mapper>
<!-- patentNum ;
	private String patentName ;
	private String patentHolderName ;
	private String patentContent ;
	private String patentAppDate;
	private String patentRegDate ;
	private String patenttype ;
	 -->

