<?xml version="1.0" encoding="UTF-8" ?>
<!DOCTYPE configuration
  PUBLIC "-//mybatis.org//DTD Config 3.0//EN"
  "http://mybatis.org/dtd/mybatis-3-config.dtd">
<configuration>
<typeAliases>
<typeAlias alias="Board" type="com.dev.cloud.vo.Board"/>
<typeAlias alias="Cloudfunding" type="com.dev.cloud.vo.Cloudfunding"/>
<typeAlias alias="History" type="com.dev.cloud.vo.History"/>
<typeAlias alias="Item_Survey" type="com.dev.cloud.vo.Item_Survey"/>
<typeAlias alias="Item" type="com.dev.cloud.vo.Item"/>
<typeAlias alias="Member" type="com.dev.cloud.vo.Member"/>
<typeAlias alias="MTI" type="com.dev.cloud.vo.MTI"/>
<typeAlias alias="Patent" type="com.dev.cloud.vo.Patent"/>
<typeAlias alias="Patentsub" type="com.dev.cloud.vo.Patentsub"/>
<typeAlias alias="PTI" type="com.dev.cloud.vo.PTI"/>
<typeAlias alias="Reply" type="com.dev.cloud.vo.Reply"/>
</typeAliases>
<mappers>
<mapper resource="mappers/memberMapper.xml"/>
<mapper resource="mappers/boardMapper.xml"/>
<mapper resource="mappers/crowdfundingMapper.xml"/>
<mapper resource="mappers/item_SurveyMapper.xml"/>
<mapper resource="mappers/itemMapper.xml"/>
<mapper resource="mappers/MTIMapper.xml"/>
<mapper resource="mappers/patentMapper.xml"/>
<mapper resource="mappers/patentsubMapper.xml"/>
<mapper resource="mappers/PTIMapper.xml"/>
<mapper resource="mappers/replyMapper.xml"/>
<mapper resource="mappers/historyMapper.xml"/>

</mappers>

</configuration>
